203.56;181.02;185.61;192.06;182.71;195.67;192.73;180.3;183.06;180.05;199.86;199.39;192.87;171.78;194.44;187.2;184.74;196.79;196.03;195.4;181.33;187.99;174.68;194.15;183.51;189.47;179.07;179.43;181.21;187.15;189.06;174.48;186.01;167.46;200.74;169.92;192.18;187.75;179.99;174.79;200.89;178.97;187.0;189.32;180.18;196.69;167.91;195.78;193.07;177.43
218.68;198.45;205.33;205.62;196.97;208.55;204.22;211.52;200.64;195.16;214.08;206.74;208.98;188.8;206.5;200.39;206.0;208.93;212.57;209.11;196.86;197.44;192.23;205.22;200.11;213.35;198.99;196.36;195.11;201.98;207.92;203.39;200.6;190.14;208.14;194.11;201.63;204.96;195.32;188.95;211.21;192.97;202.16;208.3;198.08;206.02;186.43;208.96;206.28;191.05
217.06;195.97;206.47;208.73;198.07;207.11;202.8;208.66;196.66;193.99;207.11;206.94;204.86;187.2;205.17;200.54;208.37;205.87;210.98;210.35;196.97;195.84;190.22;199.27;198.39;207.51;194.34;196.88;189.73;204.26;204.43;201.66;198.93;186.11;204.16;192.75;196.36;200.69;193.59;185.57;211.55;193.28;202.74;204.87;195.51;202.7;187.1;205.56;206.51;186.39
164.72;139.14;139.63;153.51;139.69;148.73;158.03;131.39;145.22;141.01;149.21;144.74;160.33;132.65;142.32;146.74;130.67;147.52;147.14;151.59;140.64;136.59;134.46;157.84;143.38;151.01;140.18;142.18;140.28;137.69;153.83;130.76;145.84;131.39;159.3;120.65;149.52;141.8;126.99;143.92;161.36;131.91;148.26;138.55;145.96;153.4;111.39;152.5;148.18;128.55
221.8;206.99;204.29;208.33;195.38;219.59;212.11;204.49;203.42;201.76;210.26;218.99;215.37;194.78;211.61;206.78;206.72;209.8;217.14;216.3;206.48;207.36;199.91;206.54;195.67;211.12;195.17;204.71;205.67;211.93;205.09;194.75;208.3;186.03;223.42;189.86;208.99;205.63;200.63;198.95;221.12;200.09;206.0;201.62;198.91;219.77;191.32;209.74;210.48;203.98
216.07;205.72;206.54;207.45;200.07;208.05;205.21;205.4;200.43;193.73;211.63;209.75;209.64;184.94;207.68;200.37;212.28;211.05;217.13;211.28;198.25;202.71;193.42;205.5;200.03;215.0;199.38;199.73;193.17;202.7;206.92;207.27;203.23;188.64;210.08;197.17;203.5;206.13;199.16;196.14;211.56;199.31;206.52;206.07;200.7;208.2;187.77;213.36;206.05;191.46
109.75;110.65;110.89;114.1;109.29;107.7;98.96;114.26;103.51;101.24;114.35;109.63;91.41;94.89;105.8;97.11;122.94;113.53;117.31;102.88;99.93;110.4;101.27;96.03;101.03;98.91;102.66;96.22;93.44;103.01;104.87;111.1;106.56;96.93;98.92;110.97;109.82;106.05;114.65;92.78;103.68;105.16;104.02;109.87;100.95;98.49;113.73;107.82;108.34;105.31
217.55;202.75;204.48;210.23;204.28;209.39;205.48;205.89;197.51;191.76;211.28;211.76;209.15;184.83;207.17;198.57;206.45;210.29;214.4;210.86;192.6;200.69;192.04;205.48;196.93;211.94;201.62;195.31;192.96;202.54;208.09;204.52;204.7;187.91;209.88;193.95;202.26;199.77;198.22;190.49;212.09;198.72;200.79;208.24;199.99;205.24;190.19;211.33;205.76;188.64
220.77;199.94;205.28;210.39;201.84;207.77;205.06;208.37;199.41;191.43;213.14;209.44;212.66;185.41;206.1;199.31;205.45;209.71;216.37;210.94;193.13;200.49;191.74;205.44;198.29;212.16;198.31;198.86;192.92;201.08;204.93;205.52;201.73;186.87;208.59;190.13;201.3;203.05;196.31;194.25;211.17;195.14;200.39;205.28;195.48;209.61;188.07;210.37;207.51;187.86
216.4;200.39;203.58;213.22;200.88;207.92;205.17;201.78;195.97;193.6;212.52;209.65;210.31;186.0;203.9;200.41;203.48;204.32;213.93;209.81;190.27;203.29;192.64;204.3;196.93;211.44;200.57;196.1;195.85;204.24;204.84;206.3;201.59;180.24;207.47;190.06;202.79;200.37;196.14;194.22;209.0;196.55;211.46;197.52;196.29;210.29;187.29;205.64;204.56;189.07
220.11;197.04;205.44;208.21;198.27;206.75;206.41;203.93;199.53;189.67;215.85;208.33;211.37;188.56;205.76;201.25;204.2;209.01;212.73;209.53;193.12;197.71;191.83;202.68;194.23;209.9;201.64;199.66;192.26;204.3;199.85;202.29;200.91;183.41;207.81;185.78;203.38;203.26;193.17;190.03;211.71;193.21;205.37;203.0;190.88;209.45;190.49;206.18;206.5;189.23
214.8;201.0;200.33;196.23;192.53;209.27;207.71;204.54;194.0;192.91;211.27;209.4;209.53;188.25;207.38;197.47;206.19;201.3;212.12;217.59;200.89;198.03;188.62;204.37;192.47;206.29;194.48;199.88;198.31;204.65;191.97;192.48;195.92;180.83;220.01;184.7;203.98;190.99;196.78;196.42;212.63;202.21;206.9;196.12;199.33;214.2;186.38;204.41;199.78;194.22
203.51;184.37;187.14;189.47;176.34;193.42;187.82;178.33;175.37;166.1;198.56;189.38;190.72;161.76;190.99;178.91;189.15;181.37;195.32;199.48;175.94;176.94;172.46;186.63;170.81;189.66;189.74;179.23;167.83;184.7;179.62;174.86;186.16;153.32;197.26;165.77;184.26;170.89;171.44;173.8;198.04;177.5;188.57;180.68;177.96;188.23;163.24;193.87;176.54;173.15
199.41;183.62;179.64;180.81;171.64;196.53;194.06;180.0;174.76;172.3;192.94;190.62;192.6;169.31;190.65;184.02;185.62;175.26;190.95;201.45;181.17;180.14;170.62;187.76;167.25;185.58;182.06;179.89;179.91;186.51;174.06;167.29;178.13;155.88;202.3;166.37;187.44;166.06;169.32;180.28;199.52;178.68;190.36;169.59;180.83;197.8;168.37;187.88;178.2;178.1
182.16;157.87;155.17;167.19;161.3;173.46;179.08;155.22;164.42;152.96;172.33;170.19;177.92;156.42;167.24;166.58;158.32;159.17;171.83;176.11;161.8;163.79;151.08;177.97;158.86;169.69;166.17;161.65;165.78;162.68;169.48;151.54;165.84;143.62;186.2;140.27;168.83;145.86;147.74;169.87;185.49;156.54;179.11;157.37;169.58;177.64;138.49;165.19;162.08;160.3
199.3;181.81;182.72;180.28;173.65;196.48;194.34;181.72;176.41;169.91;192.84;191.05;195.62;170.52;190.25;181.97;189.59;177.84;196.47;203.61;179.36;181.3;173.95;184.97;166.62;187.7;183.79;179.22;180.2;186.8;175.88;169.65;177.43;156.9;202.64;163.35;185.55;164.39;174.8;176.74;199.31;180.08;191.52;175.82;179.19;198.49;166.36;187.81;179.11;177.71
199.3;181.81;182.72;180.28;173.65;196.48;194.34;181.72;176.41;169.91;192.84;191.05;195.62;170.52;190.25;181.97;189.59;177.84;196.47;203.61;179.36;181.3;173.95;184.97;166.62;187.7;183.79;179.22;180.2;186.8;175.88;169.65;177.43;156.9;202.64;163.35;185.55;164.39;174.8;176.74;199.31;180.08;191.52;175.82;179.19;198.49;166.36;187.81;179.11;177.71
169.93;161.72;153.56;159.88;147.46;163.72;155.89;156.74;148.07;146.64;162.25;164.22;151.12;143.28;155.94;149.1;159.06;159.81;168.98;166.69;145.83;162.2;147.11;151.5;141.73;158.25;147.02;147.14;146.87;152.53;145.29;152.16;152.13;131.8;165.33;141.71;158.29;144.09;155.95;142.74;162.97;157.57;157.76;149.99;152.75;162.02;156.37;157.99;156.42;146.71
201.65;187.04;183.22;184.46;174.8;197.5;195.09;179.32;174.88;170.32;191.02;191.81;194.89;170.5;191.32;182.62;187.93;180.62;193.86;203.72;177.48;181.17;172.2;187.2;168.94;188.3;187.14;180.2;178.45;186.01;174.89;168.61;180.54;156.63;203.32;161.86;185.24;166.43;175.08;178.39;200.77;180.31;191.04;173.47;178.39;200.42;168.5;188.09;178.35;175.5
199.61;181.89;183.67;181.28;174.05;196.96;193.8;181.59;176.23;169.24;192.97;191.51;195.85;169.58;190.67;181.43;188.75;178.34;196.86;204.37;179.08;181.59;173.82;185.04;167.27;188.6;183.15;179.37;180.35;186.71;175.61;169.31;177.51;156.79;203.48;162.03;186.14;163.77;174.99;175.52;199.17;180.95;193.08;176.59;179.54;199.28;166.79;188.69;179.09;177.42
202.04;178.37;176.04;178.7;170.08;197.97;193.39;178.97;169.89;170.24;189.89;187.8;190.52;162.58;188.91;180.26;183.97;171.09;188.7;196.44;175.27;175.16;160.51;182.4;170.31;187.58;188.5;176.18;173.32;179.9;174.2;170.27;175.08;148.98;192.63;167.55;180.4;165.11;167.52;177.39;191.92;175.56;183.49;174.45;171.91;192.86;158.72;183.44;172.92;173.69
202.85;185.94;185.25;183.31;175.18;193.11;192.85;181.57;175.19;167.07;195.98;190.7;195.66;163.72;190.4;179.89;187.54;179.49;196.34;199.7;174.77;178.36;169.44;186.67;169.28;191.84;183.85;178.6;174.17;183.72;174.44;174.14;183.61;153.38;197.74;163.42;186.51;169.7;174.74;173.73;200.32;178.21;191.63;175.11;171.89;196.35;163.6;191.81;178.38;172.38
203.93;184.64;184.64;181.37;171.97;193.57;187.29;183.23;177.07;180.44;192.77;188.39;189.3;165.02;194.27;178.52;188.07;191.76;194.57;192.51;167.51;188.02;175.95;185.57;172.74;195.45;172.52;173.29;175.14;188.94;191.31;183.31;187.64;167.49;197.87;174.97;188.13;179.64;176.75;170.72;190.77;178.96;188.57;194.75;177.12;193.13;167.0;195.26;187.49;173.32
207.17;191.3;196.68;182.35;183.53;201.52;192.77;191.55;180.58;188.36;187.7;199.94;195.87;170.29;201.33;188.03;195.17;199.58;200.21;201.65;171.83;187.56;185.68;180.65;183.17;192.5;182.43;190.41;184.63;193.31;194.33;185.13;191.75;169.66;199.6;186.43;187.75;183.46;190.37;166.42;193.83;184.75;192.28;200.61;182.13;197.78;178.21;194.81;190.96;187.27
200.98;194.13;199.55;190.56;195.2;195.81;193.66;202.51;182.96;194.69;185.6;196.85;204.58;180.57;208.21;195.5;186.93;199.22;197.99;191.88;182.57;191.11;195.84;190.7;183.87;205.14;184.51;185.11;189.76;206.21;202.03;185.06;195.98;180.54;205.55;191.32;195.91;195.39;196.71;177.45;193.34;188.8;187.49;205.16;192.32;193.36;180.02;190.75;193.79;186.91
162.02;127.7;124.12;143.7;133.9;153.77;154.4;120.25;139.04;133.21;147.08;143.31;154.42;124.16;142.45;138.85;128.11;140.78;140.17;142.2;128.0;139.37;121.72;146.44;127.6;137.23;140.68;132.2;136.23;136.16;150.24;130.94;142.07;121.57;163.2;116.22;142.7;126.91;118.6;140.66;158.44;127.1;144.24;139.44;143.86;151.59;107.46;144.93;133.33;133.74
202.27;194.07;197.4;194.85;195.14;200.92;195.22;200.87;184.34;196.68;188.67;201.48;205.08;181.78;209.59;195.14;190.91;197.61;199.12;197.36;185.43;193.74;196.54;192.55;187.94;206.24;189.43;189.94;189.3;210.48;202.58;187.51;196.2;184.27;207.9;190.59;198.97;197.57;200.82;181.34;193.48;191.89;190.12;206.88;190.58;194.37;184.85;194.27;195.28;185.89
202.27;194.07;197.4;194.85;195.14;200.92;195.22;200.87;184.34;196.68;188.67;201.48;205.08;181.78;209.59;195.14;190.91;197.61;199.12;197.36;185.43;193.74;196.54;192.55;187.94;206.24;189.43;189.94;189.3;210.48;202.58;187.51;196.2;184.27;207.9;190.59;198.97;197.57;200.82;181.34;193.48;191.89;190.12;206.88;190.58;194.37;184.85;194.27;195.28;185.89
111.89;110.27;110.68;112.02;105.23;107.62;107.08;114.4;100.32;112.34;112.99;111.78;93.35;100.03;117.28;96.05;121.42;119.59;116.37;109.95;97.0;115.15;109.85;99.44;103.17;100.95;95.7;104.26;100.23;110.28;113.13;114.24;111.1;99.41;101.77;121.32;114.46;102.07;112.49;96.76;101.04;107.5;100.9;121.73;102.15;107.06;118.81;112.11;107.67;106.71
202.96;188.59;196.84;193.57;194.34;201.04;192.77;200.39;183.9;195.03;186.09;197.71;201.7;181.28;206.64;192.19;192.1;196.59;199.22;200.15;187.2;191.78;190.3;192.68;186.85;203.04;189.4;187.94;187.58;204.74;198.99;186.17;195.71;180.48;203.73;189.97;195.8;193.74;195.91;181.5;194.22;191.43;192.34;203.12;189.92;192.14;182.9;193.78;191.26;188.81
202.15;193.89;201.68;191.61;192.89;198.44;192.93;202.25;183.35;193.05;183.7;197.86;204.14;181.67;208.9;195.7;189.86;198.47;199.28;197.64;178.38;189.4;194.94;193.69;185.15;208.09;183.95;185.22;191.08;205.48;204.15;186.15;195.48;184.45;206.76;191.11;197.1;193.86;195.34;182.28;193.36;189.6;187.01;206.7;190.43;193.96;179.95;193.42;194.83;187.95
204.01;198.63;202.34;185.83;186.16;204.38;191.09;201.32;185.85;193.46;186.81;198.25;204.34;193.07;206.58;194.51;195.49;194.96;198.4;191.0;188.98;196.41;187.69;191.95;191.88;206.15;188.42;192.31;195.14;204.67;202.15;191.69;190.91;185.2;205.69;196.32;195.97;196.03;194.34;176.27;202.01;198.93;190.47;205.25;199.67;185.0;190.18;194.18;183.65;186.38
201.85;195.07;200.03;188.64;185.26;198.1;193.0;202.68;181.75;192.22;181.88;196.9;202.51;179.38;207.48;192.2;186.4;196.42;199.16;195.52;179.7;188.1;193.05;190.17;184.41;205.54;183.54;182.42;191.13;203.2;202.6;184.88;190.92;179.38;206.09;191.66;194.69;192.46;193.66;177.6;191.19;187.52;184.57;205.18;192.4;194.66;180.39;190.85;191.04;184.21
205.62;184.09;186.73;196.13;182.0;197.54;194.69;184.16;179.34;179.85;201.75;191.74;199.15;169.95;193.08;184.88;195.38;195.97;199.76;198.6;180.42;182.8;181.41;191.33;176.6;198.36;180.81;176.38;180.33;184.08;189.87;180.92;184.41;165.91;203.08;175.35;186.83;183.22;178.83;183.11;200.19;179.92;193.37;195.04;185.33;195.09;170.16;198.12;184.07;177.89
197.36;185.9;179.36;183.9;175.5;196.64;192.44;178.31;173.24;175.21;194.19;185.07;194.08;166.06;189.6;179.27;188.52;186.06;189.73;202.33;171.6;176.93;177.65;180.02;169.35;185.84;178.43;174.02;170.88;177.59;182.85;173.08;178.41;153.39;200.61;171.51;175.7;169.73;171.49;170.76;197.58;175.36;189.4;180.93;181.19;195.68;157.22;187.32;176.17;175.91
200.18;183.67;175.96;187.86;173.61;196.07;190.13;178.17;173.95;175.0;195.4;186.54;195.96;168.26;187.81;179.83;189.75;186.1;190.18;197.68;171.75;177.21;176.2;182.41;165.19;187.46;176.45;172.21;173.07;179.3;187.71;170.58;177.96;157.27;197.84;168.94;179.69;174.85;172.41;168.81;200.19;171.63;187.39;185.07;184.39;193.71;162.93;193.25;178.33;174.61
171.74;146.55;148.09;164.81;149.82;164.81;166.99;145.03;151.67;152.85;164.63;153.69;166.37;144.78;151.41;158.35;148.26;153.88;157.9;163.1;149.43;150.14;147.95;166.16;147.11;166.51;153.21;146.36;150.42;150.71;159.75;141.95;158.76;136.62;167.97;135.01;158.0;151.56;139.6;162.54;171.43;143.11;158.55;152.78;153.85;159.91;122.43;159.32;161.56;143.22
199.26;182.04;179.79;189.91;177.07;194.47;190.5;174.37;175.76;174.82;196.58;189.77;196.13;166.35;187.85;182.51;187.7;186.31;187.31;200.51;179.53;179.69;182.21;182.69;172.55;193.14;178.18;169.68;168.76;182.21;188.46;171.34;182.86;161.53;201.66;177.78;178.63;176.4;169.94;178.15;198.63;173.06;188.0;188.39;184.28;191.69;163.63;190.53;177.03;171.61
200.74;181.12;174.93;186.78;173.0;196.55;190.03;177.28;172.79;175.36;193.74;183.68;193.67;170.03;187.26;176.39;189.92;187.45;190.48;198.05;171.71;176.02;170.87;180.13;166.83;187.15;174.11;173.84;171.59;178.31;184.4;169.54;178.12;155.39;196.68;169.55;180.97;175.6;171.68;170.82;197.84;170.86;188.8;180.81;176.94;197.34;162.49;189.44;182.89;177.88
111.55;108.33;111.0;115.68;111.32;110.81;104.03;110.32;106.61;106.51;119.44;113.8;99.03;96.0;114.99;98.9;122.38;117.4;121.19;111.89;105.07;111.02;107.91;104.54;101.87;101.71;100.18;97.93;96.68;108.04;106.88;112.17;111.27;93.39;107.29;118.85;113.67;106.63;114.63;97.4;108.12;107.63;106.86;116.61;103.17;102.65;118.48;115.0;102.62;104.04
200.74;181.12;174.93;186.78;173.0;196.55;190.03;177.28;172.79;175.36;193.74;183.68;193.67;170.03;187.26;176.39;189.92;187.45;190.48;198.05;171.71;176.02;170.87;180.13;166.83;187.15;174.11;173.84;171.59;178.31;184.4;169.54;178.12;155.39;196.68;169.55;180.97;175.6;171.68;170.82;197.84;170.86;188.8;180.81;176.94;197.34;162.49;189.44;182.89;177.88
206.58;185.35;184.25;185.49;177.92;200.89;191.96;177.92;176.75;175.41;195.64;189.81;197.83;172.9;189.47;183.97;188.81;188.3;190.87;204.83;175.69;181.31;180.3;184.44;172.11;190.13;179.44;174.94;173.89;178.54;187.12;174.45;182.39;159.85;202.84;173.2;178.57;176.08;173.7;176.77;200.21;177.18;192.97;183.86;184.64;200.08;161.91;189.12;186.2;177.75
202.02;181.79;181.03;188.17;175.26;196.5;189.63;175.74;173.8;172.42;191.2;187.33;197.21;167.93;185.16;178.95;181.97;184.14;185.97;199.71;173.75;179.7;178.13;180.85;168.59;188.94;173.61;171.44;167.66;177.75;188.16;171.72;179.27;154.23;199.08;169.57;176.92;172.65;171.06;169.21;196.11;171.51;187.15;184.02;182.16;192.05;160.77;188.45;181.83;172.77
198.4;181.75;177.07;186.31;172.3;194.24;189.98;173.88;173.1;172.14;193.09;186.1;196.05;165.95;186.37;179.01;185.45;184.24;187.74;200.12;177.39;178.46;179.23;180.05;170.51;189.87;171.48;168.94;165.63;178.5;186.54;170.85;181.82;155.06;196.82;170.88;178.02;173.01;169.62;171.0;196.51;169.43;187.23;186.2;181.23;189.83;160.84;188.61;177.96;170.73
211.83;198.52;188.32;199.92;186.75;210.43;199.51;196.08;189.77;191.12;204.62;206.26;205.66;186.11;206.28;198.42;196.78;200.83;204.83;210.93;185.98;199.31;187.32;201.07;184.39;200.96;193.62;190.34;189.43;204.3;195.55;191.79;199.55;179.34;214.89;190.91;199.82;191.73;188.73;189.98;211.14;190.86;201.24;201.96;190.36;206.59;186.5;207.91;192.68;196.65
212.23;198.23;195.56;202.92;190.56;212.81;200.96;197.69;190.44;190.39;204.52;210.84;207.96;187.64;210.3;197.78;197.09;199.07;204.92;211.68;189.37;202.8;192.41;200.16;187.22;202.33;201.54;196.12;191.23;207.31;201.89;192.89;204.91;179.25;216.79;191.19;194.86;185.24;184.34;192.04;210.17;193.46;202.05;203.8;193.91;205.67;190.24;211.04;193.58;193.94
211.44;198.74;197.7;204.53;189.47;215.87;199.32;197.22;190.47;190.35;204.82;211.57;204.67;189.86;207.86;199.19;195.92;197.44;203.99;209.86;191.29;199.01;190.31;198.56;186.6;200.17;201.28;194.03;189.41;206.56;202.6;190.77;203.82;180.01;214.5;190.39;196.04;186.17;184.65;191.59;210.24;195.44;202.18;202.33;195.0;204.85;188.57;211.0;194.51;194.66
183.08;154.87;155.19;178.95;163.54;178.38;179.22;157.72;165.21;160.15;175.51;168.35;179.15;158.47;166.8;170.7;154.9;157.72;169.36;172.81;159.23;160.93;152.18;173.21;158.67;165.79;174.77;164.22;165.39;167.84;172.4;157.06;172.16;145.05;182.47;148.26;169.77;155.0;145.44;174.13;186.97;155.23;173.23;162.34;168.08;174.86;134.67;170.82;159.79;164.57
214.45;199.4;196.37;205.71;191.83;213.47;201.67;199.13;191.05;190.84;204.5;210.73;206.66;189.51;205.7;200.37;197.33;200.09;205.77;210.71;189.99;204.65;190.88;199.97;187.66;202.38;200.28;194.15;193.98;208.43;201.63;192.07;203.56;178.38;215.64;193.34;197.9;186.85;183.76;193.8;210.28;194.1;201.05;203.21;194.64;206.99;190.53;214.65;195.64;197.47
213.34;199.88;197.66;205.12;191.71;214.4;200.75;196.75;190.39;192.6;206.43;213.16;206.89;189.33;208.86;198.48;196.88;198.68;203.68;211.88;187.84;201.02;191.49;202.1;185.9;204.03;202.51;193.25;192.68;206.13;203.89;193.1;203.14;180.96;214.51;191.61;199.81;187.02;184.77;193.68;208.63;195.75;202.17;204.08;195.48;205.53;188.47;212.8;196.04;193.31
110.72;115.46;108.08;117.31;103.68;110.96;95.83;113.14;101.41;107.5;113.79;115.96;91.21;103.41;114.45;98.73;115.48;113.88;112.84;110.54;97.18;120.57;111.48;101.4;96.87;101.47;105.86;97.3;98.88;107.15;107.02;107.93;107.88;95.43;108.36;114.1;109.92;99.5;109.07;101.9;105.02;109.01;101.24;113.26;105.1;103.94;118.21;115.08;108.55;108.28
212.55;198.98;197.8;203.34;191.43;216.49;199.98;195.85;190.37;191.75;208.9;209.73;205.47;189.63;208.33;197.66;195.99;199.85;204.89;212.84;189.39;198.35;190.65;201.21;184.9;204.29;202.95;193.25;190.47;207.11;202.57;193.61;204.88;181.58;212.06;188.62;198.85;185.93;186.57;189.61;210.54;195.94;203.46;203.95;196.28;203.52;188.22;211.15;194.54;196.17
212.95;199.37;198.75;203.74;191.2;215.67;199.67;195.66;189.2;191.84;208.92;210.03;205.75;188.78;208.43;197.89;195.88;199.44;204.6;212.14;188.89;198.78;191.25;200.31;184.64;204.32;202.38;192.79;191.25;207.2;202.06;194.02;204.05;182.06;212.05;189.31;198.38;187.11;186.36;188.94;209.0;194.55;203.36;203.46;196.02;203.55;189.08;210.81;196.66;196.23
210.98;196.01;192.06;202.1;183.94;213.67;199.46;199.05;188.63;190.62;203.51;205.51;203.69;185.97;204.33;195.85;196.22;196.78;204.21;210.27;191.18;199.71;185.84;197.96;186.01;198.21;200.08;192.28;187.61;202.28;198.69;188.27;201.22;177.45;215.37;190.02;194.29;183.49;183.83;190.92;212.56;193.77;200.09;199.51;191.5;204.65;189.89;209.43;190.19;196.37
212.0;198.81;196.25;204.14;189.99;214.44;198.87;194.28;189.62;191.01;206.48;211.03;204.44;189.48;207.69;196.91;195.43;198.59;202.98;212.13;188.85;200.44;189.93;199.76;184.59;201.73;200.06;192.27;189.35;207.87;204.21;191.35;202.4;180.43;214.28;188.3;196.86;184.4;183.33;191.33;207.81;194.81;201.57;201.62;196.24;204.46;187.62;210.41;194.23;194.19
186.9;191.22;189.7;195.74;191.63;188.34;185.12;198.21;178.23;206.25;184.86;197.08;169.53;193.57;199.01;193.21;187.95;199.28;202.01;183.07;191.3;194.29;195.56;180.86;191.49;197.22;183.77;186.13;201.89;199.85;188.97;191.76;197.31;175.79;184.2;193.9;184.73;199.75;193.49;181.84;191.09;190.39;175.33;202.26;190.81;186.56;202.46;190.75;169.41;191.0
150.12;157.25;152.99;172.17;163.19;154.1;166.98;171.74;175.58;186.65;171.13;163.0;150.05;169.45;174.64;159.04;175.84;182.49;161.61;159.81;169.4;184.31;172.81;151.0;161.45;162.35;152.42;152.92;162.13;177.77;172.16;177.29;172.62;181.67;169.13;187.78;172.88;166.11;172.81;164.25;158.25;168.53;154.6;177.66;168.71;158.49;186.66;156.24;172.68;168.75
161.87;160.81;157.25;177.51;158.33;163.74;171.97;174.85;167.9;190.12;169.67;165.36;150.18;171.34;172.06;161.03;169.82;181.77;168.14;158.05;162.05;183.86;171.89;160.59;167.37;161.19;150.23;158.12;164.28;176.55;170.64;167.39;172.76;185.02;162.34;181.79;166.95;165.0;167.01;165.05;156.31;177.42;161.85;170.65;173.81;158.25;179.99;161.34;167.22;171.29
134.4;114.59;125.7;136.38;122.61;129.27;137.28;129.32;128.11;141.25;124.03;134.67;121.98;133.25;137.31;140.15;118.31;134.46;133.46;131.52;120.93;135.57;121.65;130.55;126.01;133.67;129.7;124.31;143.24;133.49;132.48;118.17;135.08;113.19;141.14;123.7;122.13;133.54;110.62;124.31;143.74;127.99;127.09;142.74;141.64;137.94;111.59;132.51;110.13;128.67
159.78;160.53;158.6;178.57;158.69;163.22;170.8;178.26;163.76;189.24;168.91;165.61;150.53;171.52;171.93;159.92;167.93;180.83;168.8;155.07;161.93;182.24;171.9;161.47;167.68;161.31;151.03;158.8;163.83;175.0;167.81;167.2;172.46;184.94;163.58;181.17;165.51;165.72;166.07;165.75;154.41;176.7;160.84;172.69;173.01;158.19;179.43;161.47;164.72;170.93
159.78;160.53;158.6;178.57;158.69;163.22;170.8;178.26;163.76;189.24;168.91;165.61;150.53;171.52;171.93;159.92;167.93;180.83;168.8;155.07;161.93;182.24;171.9;161.47;167.68;161.31;151.03;158.8;163.83;175.0;167.81;167.2;172.46;184.94;163.58;181.17;165.51;165.72;166.07;165.75;154.41;176.7;160.84;172.69;173.01;158.19;179.43;161.47;164.72;170.93
171.58;165.4;161.75;181.04;169.74;160.0;160.63;175.27;162.22;183.51;164.31;169.79;137.1;173.68;162.41;164.11;166.0;173.4;177.87;151.73;176.41;173.49;175.67;154.07;161.63;161.79;153.05;160.12;176.85;170.99;172.21;168.69;168.36;160.41;161.27;174.7;164.92;176.57;177.85;159.44;157.15;168.13;153.99;174.86;163.22;152.93;185.26;162.81;140.72;169.54
152.38;161.06;154.63;175.75;158.99;155.65;169.99;176.67;172.88;190.2;168.21;165.18;149.17;167.76;175.92;156.29;165.33;178.62;167.29;161.06;162.21;183.75;167.49;160.02;164.16;163.31;150.4;154.39;164.04;173.01;168.36;171.45;169.64;188.51;161.61;182.66;167.44;162.23;169.8;163.38;154.64;175.09;160.9;175.62;174.21;161.35;181.74;159.17;167.23;168.89
156.45;162.35;153.98;176.79;162.54;155.32;175.27;177.77;176.46;196.19;179.0;166.83;150.97;171.67;175.24;162.17;177.61;183.49;169.35;164.34;166.44;184.99;171.97;161.42;169.18;161.42;154.41;153.11;161.71;174.18;174.41;179.31;171.32;186.14;164.13;183.92;173.07;163.59;171.08;165.67;159.57;170.29;168.25;180.18;176.8;163.24;184.68;164.14;175.26;166.36
146.76;158.02;153.8;172.58;160.96;152.38;169.47;174.03;173.94;190.37;171.5;162.83;151.53;172.18;173.34;160.56;174.35;183.58;163.32;158.54;171.14;181.29;174.35;151.29;159.28;158.15;150.7;152.9;160.03;178.03;171.89;176.08;174.49;181.18;167.38;185.7;173.86;162.85;171.37;167.09;158.12;167.81;153.19;176.68;168.34;157.89;186.79;151.31;171.4;170.11
154.92;160.54;151.34;174.9;159.32;151.93;169.26;173.57;168.39;193.54;168.69;159.83;145.05;168.49;172.34;158.09;166.84;180.68;165.1;159.46;158.17;181.69;166.51;155.64;161.28;156.41;147.4;150.54;161.77;170.31;165.72;169.27;168.86;183.25;161.66;180.0;166.85;163.18;168.07;155.45;152.7;169.88;155.82;171.44;171.07;157.55;178.33;156.02;166.07;164.06
186.38;172.71;183.81;164.43;176.68;185.87;178.63;180.9;170.14;175.1;182.79;185.58;185.73;162.15;190.99;176.77;186.68;177.76;185.09;181.02;168.74;181.67;163.8;183.72;172.71;182.41;167.56;166.31;165.28;186.23;190.27;166.02;177.01;163.26;184.75;178.18;169.39;167.05;178.71;154.29;184.58;175.57;185.14;185.47;176.78;177.28;166.19;181.41;173.18;175.2
200.71;195.23;193.13;179.86;188.54;195.17;184.48;195.09;174.48;186.88;186.59;200.54;195.83;181.09;197.91;184.75;194.23;192.98;191.63;190.88;178.39;192.2;182.1;182.96;181.54;194.92;180.91;183.3;180.6;201.25;197.62;177.05;180.85;176.92;199.73;186.07;180.49;182.95;197.15;166.26;190.72;188.88;187.38;201.69;187.95;185.2;184.43;187.11;186.01;181.92
198.51;189.92;191.06;187.63;188.46;199.87;189.32;193.75;177.55;186.65;199.12;202.58;194.56;175.68;203.07;185.3;194.58;191.71;195.2;198.05;186.87;195.84;187.31;193.05;180.6;196.34;181.79;188.4;177.08;201.71;196.13;175.22;191.12;177.76;200.2;186.38;188.62;181.66;193.43;166.07;196.19;185.53;192.38;202.58;193.08;191.12;179.85;195.58;190.17;191.59
152.23;124.49;123.3;138.08;126.28;139.4;145.19;121.98;125.56;128.25;135.74;137.77;140.47;122.82;139.9;131.35;123.27;125.38;126.2;133.47;124.62;132.01;120.11;138.75;122.13;138.32;128.88;122.68;120.53;134.91;143.82;111.66;139.5;116.6;153.11;113.87;136.75;120.1;109.79;129.2;150.24;126.43;141.05;139.14;139.92;141.94;95.69;133.89;130.53;127.91
192.92;185.19;186.79;182.31;188.01;193.86;186.93;194.04;172.25;186.68;194.04;192.69;192.75;172.02;200.38;182.08;188.8;186.02;190.68;194.71;176.73;185.69;187.75;184.41;177.33;199.81;175.66;177.06;174.67;196.6;197.15;175.5;185.13;170.28;197.71;182.9;178.82;181.84;187.52;164.88;188.93;179.64;185.74;196.15;183.32;188.24;181.88;183.93;181.3;184.73
192.92;185.19;186.79;182.31;188.01;193.86;186.93;194.04;172.25;186.68;194.04;192.69;192.75;172.02;200.38;182.08;188.8;186.02;190.68;194.71;176.73;185.69;187.75;184.41;177.33;199.81;175.66;177.06;174.67;196.6;197.15;175.5;185.13;170.28;197.71;182.9;178.82;181.84;187.52;164.88;188.93;179.64;185.74;196.15;183.32;188.24;181.88;183.93;181.3;184.73
132.16;140.34;133.24;138.39;131.82;136.8;127.78;149.01;124.27;136.18;137.59;138.36;124.79;123.02;143.67;125.17;145.0;139.72;140.08;137.91;123.45;146.97;136.9;131.16;128.23;132.28;124.57;131.31;116.58;137.96;141.61;130.91;132.05;122.31;129.15;142.84;131.44;125.26;140.74;116.44;128.35;133.54;123.02;147.15;130.91;128.48;149.37;136.5;137.32;134.45
195.33;187.61;186.14;183.7;183.96;197.55;187.58;193.58;174.09;187.37;189.64;192.44;195.41;173.77;198.72;185.78;190.27;192.85;189.33;196.77;180.53;186.03;186.88;188.13;175.26;199.31;181.22;182.66;181.77;196.22;199.69;177.28;184.82;176.79;194.81;186.73;186.94;179.3;187.22;176.16;188.82;188.22;190.3;202.52;183.29;187.81;178.85;186.68;187.07;185.88
193.79;185.74;186.12;182.65;188.31;193.94;186.9;193.43;172.51;186.58;189.73;192.36;193.32;173.27;200.13;182.4;189.1;187.53;188.98;192.75;177.86;187.19;186.39;183.33;176.7;198.55;176.97;178.62;174.39;198.95;198.46;177.44;185.62;170.61;197.34;181.96;179.24;181.77;188.01;163.67;188.36;181.09;186.13;195.62;183.14;187.24;181.97;183.19;180.58;182.8
197.34;191.04;184.48;184.4;184.37;195.55;183.44;192.84;172.72;191.35;188.91;196.92;193.61;178.5;197.22;183.03;191.56;189.54;187.48;192.54;179.35;185.97;184.36;183.64;175.31;197.78;178.14;176.85;183.18;196.3;200.63;176.16;183.18;176.67;194.93;182.94;185.87;178.61;186.61;171.31;187.62;181.98;184.56;205.05;180.39;182.72;184.48;183.38;185.52;182.49
198.03;187.45;189.85;178.07;184.75;194.63;187.67;195.59;175.12;192.28;186.77;197.71;198.07;178.9;197.02;187.55;188.32;196.09;191.95;194.4;178.95;191.49;188.54;186.06;177.13;203.22;177.61;180.7;186.73;199.19;203.85;178.09;184.23;175.43;197.22;189.03;181.64;181.41;182.94;176.37;188.16;180.33;183.95;203.5;188.95;188.48;182.58;189.09;186.9;187.82
204.53;197.0;200.74;193.54;196.89;200.26;194.87;206.42;183.7;187.74;191.64;201.8;197.16;183.35;206.07;194.57;199.02;200.11;205.11;193.86;193.31;191.37;190.38;195.16;195.99;199.89;180.03;186.41;193.18;203.57;204.94;191.46;184.23;180.62;203.93;195.2;194.46;194.34;194.81;177.6;200.31;194.1;191.49;202.36;193.43;187.26;188.73;197.09;186.52;189.96
200.96;192.39;200.98;189.49;187.25;195.78;191.14;197.08;174.84;185.72;190.02;200.49;196.06;175.5;202.83;194.08;195.23;188.58;201.03;193.78;180.05;185.56;181.62;188.13;184.5;195.16;188.04;190.27;193.21;198.21;196.22;183.82;181.75;173.86;204.68;187.58;182.82;188.62;191.4;169.01;192.4;189.34;188.75;204.97;191.3;188.08;185.94;196.56;186.72;180.8
202.93;193.51;196.89;187.76;195.51;203.13;193.08;200.83;176.67;184.99;187.41;196.51;203.58;180.69;201.04;196.39;200.5;193.56;205.31;197.01;184.19;190.7;186.36;192.22;190.28;199.08;186.96;185.56;187.69;202.0;200.86;195.34;181.73;177.54;202.06;187.58;186.38;191.48;193.28;172.82;202.82;195.94;188.51;202.64;195.5;186.97;182.88;195.01;187.15;189.66
147.19;127.53;132.44;135.33;138.67;142.77;148.57;128.02;128.56;129.89;134.11;138.86;146.46;126.03;138.37;138.55;126.48;135.56;141.5;138.47;126.04;129.36;119.92;143.68;140.98;143.65;122.55;123.69;131.89;134.47;147.72;124.09;132.91;113.86;152.22;121.48;135.92;125.88;115.1;123.13;162.13;128.18;141.23;128.36;147.11;136.49;105.85;137.25;122.18;124.31
201.83;189.85;193.1;185.48;191.14;193.65;192.84;197.37;174.08;180.61;187.84;196.5;196.29;178.31;199.01;188.99;199.59;195.44;198.68;200.83;178.03;181.96;181.96;187.37;183.31;197.71;177.04;180.16;182.96;202.49;198.73;189.22;176.38;171.37;196.6;186.88;184.51;185.62;192.88;170.5;199.8;187.71;193.1;193.39;190.7;186.31;178.47;191.97;183.41;181.79
200.96;192.39;200.98;189.49;187.25;195.78;191.14;197.08;174.84;185.72;190.02;200.49;196.06;175.5;202.83;194.08;195.23;188.58;201.03;193.78;180.05;185.56;181.62;188.13;184.5;195.16;188.04;190.27;193.21;198.21;196.22;183.82;181.75;173.86;204.68;187.58;182.82;188.62;191.4;169.01;192.4;189.34;188.75;204.97;191.3;188.08;185.94;196.56;186.72;180.8
146.73;138.4;151.52;141.24;144.98;137.11;131.84;150.31;132.96;130.95;140.05;140.87;139.32;131.41;148.77;131.0;149.04;152.57;147.17;145.51;127.09;140.68;136.08;145.88;138.51;133.54;128.25;125.84;126.9;146.67;146.71;144.82;134.81;128.12;136.58;148.31;142.96;138.06;150.06;127.44;140.11;140.52;138.06;139.12;142.39;133.71;145.79;146.73;145.97;135.69
203.21;192.07;198.01;189.79;196.96;203.17;202.81;201.46;187.14;192.02;196.01;201.34;204.54;180.02;207.22;193.85;202.63;201.88;206.12;203.54;183.12;191.86;186.06;198.73;192.94;198.41;195.3;193.59;182.92;196.58;200.06;189.81;195.45;184.7;206.34;191.14;192.35;183.51;190.67;185.22;202.6;192.93;199.83;206.87;196.12;191.65;179.81;202.18;190.19;196.32
196.05;202.38;197.65;187.52;192.66;201.33;194.82;198.86;175.92;194.26;190.04;199.71;194.45;185.61;202.22;196.07;200.16;187.23;198.22;188.34;186.44;192.03;181.58;183.49;188.4;197.8;183.46;186.57;189.72;196.13;196.8;191.81;187.05;170.92;201.73;192.37;184.8;193.72;196.23;172.06;202.05;197.63;189.79;202.44;193.61;188.46;187.57;192.72;184.68;184.96
204.23;191.52;188.2;192.69;180.17;200.68;194.36;196.16;184.51;185.99;194.4;207.56;205.03;173.85;195.58;187.77;195.49;200.12;200.91;199.88;188.87;196.43;190.63;187.98;176.55;197.37;192.63;194.53;176.92;201.44;199.41;181.29;195.47;173.33;204.82;187.16;192.37;183.1;187.75;171.5;201.97;185.64;194.24;203.35;195.76;194.23;185.17;205.8;185.19;192.97
201.44;182.53;190.45;183.79;187.22;194.22;195.51;195.35;178.34;181.94;192.99;196.81;198.93;170.13;195.97;186.65;199.74;196.74;198.61;199.79;176.69;185.03;169.07;186.18;183.18;195.29;181.18;170.86;174.55;195.05;197.06;183.71;185.83;168.27;199.67;182.14;187.83;183.33;185.52;175.41;199.2;185.42;192.88;189.04;195.13;190.22;178.73;190.96;178.44;178.7
218.5;212.62;213.47;207.28;207.18;217.45;209.63;216.14;199.1;205.1;213.04;216.76;213.71;197.9;222.08;200.43;220.42;210.46;212.52;210.08;205.28;212.62;210.41;213.11;201.8;216.05;204.95;211.15;200.67;215.94;206.99;200.79;207.85;199.14;214.94;202.68;213.26;203.88;211.69;204.92;214.04;213.42;207.26;213.98;206.53;203.63;205.94;211.53;208.33;203.94
212.65;196.79;203.94;195.08;183.85;207.09;200.18;204.32;188.29;183.86;205.38;210.0;203.2;175.64;208.25;193.56;207.06;199.75;207.56;205.5;184.92;193.87;196.47;201.31;187.71;196.93;201.94;197.27;177.86;203.88;195.92;190.1;197.05;178.41;209.3;190.27;196.49;184.91;195.4;183.22;209.72;192.94;195.46;207.03;198.09;197.92;184.84;209.33;190.9;193.63
203.2;200.95;206.1;187.01;194.55;205.73;194.88;196.37;189.78;194.51;191.53;202.59;199.61;196.42;206.23;189.69;207.81;197.59;200.29;196.56;187.97;194.35;188.17;190.26;197.32;203.58;191.55;197.84;192.87;204.76;205.99;194.95;199.49;188.78;202.75;196.38;184.93;189.71;198.41;178.33;204.45;203.29;194.35;209.3;198.39;193.37;197.84;199.25;189.6;194.87
174.13;148.45;149.79;157.24;147.18;160.1;169.54;144.78;153.72;145.82;158.7;161.38;165.79;143.22;156.47;161.0;147.58;144.01;154.87;157.53;145.67;152.85;144.18;166.99;148.67;160.07;157.42;154.08;144.59;151.15;157.17;146.89;163.4;136.2;172.43;132.36;161.29;137.34;134.68;159.93;176.6;146.84;157.6;155.01;155.03;161.16;125.52;159.98;147.68;153.07
203.37;205.27;202.65;185.45;193.25;205.63;195.02;193.48;188.37;193.91;191.08;200.72;198.16;194.27;204.87;187.77;206.07;196.86;199.99;195.57;187.66;192.77;189.16;187.58;193.73;198.22;189.59;198.6;192.96;204.08;203.6;193.04;202.32;184.92;200.86;195.57;183.51;187.32;194.46;177.43;206.14;201.61;191.77;211.94;197.24;191.59;197.62;200.59;187.06;191.2
203.37;205.27;202.65;185.45;193.25;205.63;195.02;193.48;188.37;193.91;191.08;200.72;198.16;194.27;204.87;187.77;206.07;196.86;199.99;195.57;187.66;192.77;189.16;187.58;193.73;198.22;189.59;198.6;192.96;204.08;203.6;193.04;202.32;184.92;200.86;195.57;183.51;187.32;194.46;177.43;206.14;201.61;191.77;211.94;197.24;191.59;197.62;200.59;187.06;191.2
164.76;166.25;156.94;160.83;154.34;160.57;149.68;165.21;145.22;160.11;157.11;158.57;144.0;151.6;166.52;145.77;172.3;166.08;155.98;154.02;147.89;164.35;160.5;155.96;150.26;155.25;149.79;153.28;149.94;160.67;154.04;162.41;156.14;152.58;151.25;164.92;165.24;155.1;163.47;156.16;153.86;163.43;149.58;162.48;159.09;149.9;168.91;163.23;156.44;163.54
196.67;202.05;201.2;186.39;189.16;199.34;191.5;192.02;179.67;194.74;194.56;203.34;193.51;189.99;203.79;187.91;201.4;198.28;196.97;194.3;186.01;194.94;189.93;180.88;187.57;203.22;190.46;193.83;193.33;203.33;201.54;187.71;195.44;179.57;199.54;192.8;180.05;187.4;197.0;178.47;201.59;194.17;189.69;209.19;195.29;192.0;197.05;197.21;183.63;191.62
199.07;200.68;201.07;188.53;189.15;201.44;194.35;194.07;189.04;195.81;193.53;200.53;196.36;195.94;201.37;185.08;196.43;196.87;194.42;191.36;188.44;193.27;192.03;184.05;187.51;199.5;192.56;200.49;194.42;201.21;204.87;192.74;199.39;183.21;204.58;194.57;178.58;188.78;191.25;171.13;200.51;201.06;191.58;205.97;196.96;190.75;193.28;194.59;185.85;192.81
200.01;198.38;201.77;189.38;190.62;206.52;195.53;190.28;181.84;194.13;192.38;202.4;193.01;195.36;201.4;188.55;198.7;190.09;198.14;190.65;189.9;194.22;185.1;185.22;192.66;193.28;189.31;199.06;191.48;199.16;204.58;192.42;196.2;190.48;201.16;191.61;183.15;190.45;196.03;176.22;199.7;204.85;193.27;206.25;194.67;186.68;192.2;191.13;184.17;192.87
203.43;198.7;199.76;196.6;188.33;202.36;193.67;185.11;186.6;199.22;193.69;199.2;194.49;196.25;201.01;187.08;195.22;200.53;191.72;192.12;188.43;197.77;188.91;184.82;189.22;197.43;193.46;197.87;191.16;201.84;203.89;184.22;200.44;192.07;203.51;192.11;182.7;186.43;190.38;170.73;198.75;200.04;196.28;202.43;197.34;195.12;194.82;198.79;181.88;191.82
203.11;181.15;180.06;179.82;177.93;191.41;180.61;183.85;180.04;170.19;193.05;184.3;189.38;167.27;189.72;180.95;185.97;187.41;194.54;192.96;168.84;179.89;161.34;185.95;173.35;194.03;174.38;169.16;168.87;178.34;184.11;185.74;182.87;160.54;199.69;164.46;188.11;179.22;172.12;172.09;197.43;173.82;188.04;175.45;172.28;188.93;168.06;185.57;178.69;170.88
208.91;185.49;185.95;189.45;174.14;199.37;186.33;190.75;176.94;169.91;200.49;198.09;193.74;169.24;196.48;179.98;191.56;195.35;197.5;193.02;172.36;189.08;175.21;188.62;171.96;195.48;183.89;177.07;168.03;188.51;186.3;181.41;187.2;170.48;204.39;171.31;190.36;173.57;177.13;171.9;199.42;179.76;192.89;188.76;182.04;189.72;173.32;197.4;179.07;177.96
189.3;177.21;187.37;176.03;181.47;191.21;180.38;190.62;176.87;172.97;183.5;189.64;188.91;165.3;192.82;179.85;195.17;190.08;198.21;187.98;165.66;179.11;164.33;188.45;180.24;190.57;167.58;170.17;175.36;191.97;185.79;178.24;173.47;163.72;188.02;178.34;182.73;179.67;173.62;167.64;197.33;178.2;187.2;183.01;180.6;177.55;167.03;180.31;178.29;175.98
173.75;143.12;144.09;156.7;151.82;158.11;157.3;143.42;151.82;141.31;159.05;149.74;167.51;140.77;153.89;156.68;145.43;149.46;160.07;156.05;142.61;149.03;130.51;160.37;152.67;161.37;147.39;141.15;144.36;143.23;162.59;147.67;151.49;135.04;171.94;127.65;157.72;143.63;134.39;156.72;174.36;140.61;158.11;142.7;151.26;155.39;121.34;151.65;144.85;139.77
188.7;175.36;185.12;173.62;179.9;191.39;182.23;188.41;175.72;175.25;183.75;188.22;186.97;162.5;191.47;177.77;193.52;190.11;197.05;189.18;166.13;178.24;165.2;188.92;178.79;192.06;167.72;167.04;172.23;187.03;184.58;179.37;172.93;161.21;188.82;175.5;182.99;177.02;173.6;167.7;194.07;176.9;187.08;182.34;179.38;178.19;163.52;178.4;178.38;175.05
185.22;178.07;188.25;175.69;181.67;187.03;184.78;189.49;172.36;174.75;179.93;185.35;185.71;165.34;194.95;178.39;191.71;184.33;191.46;181.79;165.85;173.77;162.85;186.89;178.85;192.49;167.34;171.21;174.57;189.61;189.52;175.61;173.57;161.12;187.74;179.46;181.83;175.22;171.07;163.69;192.97;176.38;184.91;187.41;186.13;177.15;171.82;176.99;175.57;173.3
185.05;159.1;161.31;160.19;159.57;172.73;159.19;169.45;158.17;144.02;167.26;156.53;164.99;149.26;161.33;158.87;170.62;168.69;176.43;173.2;153.04;164.86;148.5;162.54;153.93;167.14;147.78;144.8;145.38;154.11;162.57;167.18;163.39;142.03;174.23;149.35;166.43;150.38;156.78;145.31;170.34;161.9;172.38;158.22;149.74;163.4;149.36;167.09;161.79;151.85
190.72;178.7;186.66;175.83;180.18;190.44;182.09;191.22;178.45;173.75;183.72;189.38;189.52;164.37;192.33;179.41;195.64;188.53;196.34;189.12;165.36;176.85;164.69;189.05;179.47;192.82;169.65;169.48;175.96;188.23;187.72;179.99;174.48;164.74;189.2;176.43;186.15;176.94;172.37;169.25;195.64;177.36;187.38;183.3;178.82;177.74;168.77;179.76;178.96;175.79
189.7;176.4;187.8;175.43;180.74;189.69;183.05;191.12;176.76;174.55;184.12;187.89;186.95;165.84;192.51;179.21;194.06;189.23;196.39;188.88;165.28;176.34;164.91;189.49;179.12;193.34;167.78;168.3;176.01;189.46;186.44;179.58;175.38;163.0;188.61;178.83;184.85;178.94;171.78;168.34;197.38;178.59;187.56;183.13;181.02;176.77;167.3;178.43;178.37;175.88
191.17;178.94;185.55;174.11;181.13;194.69;183.17;183.79;176.86;177.16;182.16;187.94;187.29;167.06;196.35;179.34;194.84;188.41;192.11;188.27;169.65;181.43;163.41;187.45;183.05;191.05;163.04;168.08;174.08;192.82;187.84;179.5;173.93;163.86;189.52;181.99;180.69;178.27;173.87;173.65;196.12;172.8;187.68;177.99;183.32;179.01;165.44;181.43;179.15;176.26
190.94;177.28;185.67;177.39;178.32;189.85;180.56;187.66;174.39;172.02;180.33;184.91;188.15;162.96;192.82;175.78;193.42;184.84;194.57;186.87;166.72;173.44;161.22;185.81;178.07;189.89;166.09;168.31;173.47;189.07;186.5;174.11;173.46;160.72;187.65;175.96;183.38;172.81;173.54;161.22;193.97;177.08;185.13;183.22;182.42;178.5;164.84;179.67;175.56;171.57
189.92;171.01;150.72;175.54;160.61;176.47;173.69;162.25;174.4;171.27;180.22;170.29;173.58;155.78;172.96;164.95;174.79;171.09;171.89;161.4;162.58;165.31;153.88;169.01;159.02;177.77;153.0;147.97;164.15;158.96;178.52;162.1;174.07;147.54;176.31;162.0;177.13;171.04;164.26;161.73;177.96;154.35;174.43;168.04;152.02;174.5;154.88;163.97;177.33;158.55
191.98;174.97;157.37;187.66;159.59;188.39;177.26;166.92;172.33;169.24;186.15;183.63;181.44;158.31;183.15;173.25;180.67;175.38;176.86;169.47;162.98;167.24;165.56;179.84;169.68;179.06;163.1;161.31;163.47;169.87;182.4;171.84;185.06;153.45;190.21;161.73;182.84;183.93;169.95;162.59;186.66;154.48;177.73;176.54;158.02;179.71;163.8;176.73;181.67;164.85
193.22;176.68;162.89;186.19;161.68;182.21;180.12;166.38;174.2;181.0;181.77;183.12;187.47;162.39;182.14;174.83;175.77;175.24;180.26;170.55;169.45;171.37;173.13;175.75;169.59;182.47;162.42;160.75;166.0;166.29;187.12;166.57;182.39;153.61;188.49;165.42;183.17;178.46;171.26;172.75;187.27;157.56;181.8;173.49;165.12;185.98;160.05;185.27;183.55;172.08
154.21;124.63;117.07;143.53;122.88;136.68;144.03;116.56;139.43;133.25;137.23;132.87;147.85;123.89;136.83;137.71;125.81;133.75;133.0;128.41;126.11;127.9;111.61;144.51;129.68;136.04;126.91;116.22;126.69;118.7;151.85;119.57;141.66;121.46;157.09;114.43;140.51;124.04;114.35;139.81;149.26;113.67;136.19;125.1;128.79;130.73;107.53;122.8;136.13;124.98
196.64;172.02;166.96;184.8;163.48;183.47;177.36;176.4;183.26;174.14;179.35;176.26;183.22;157.23;186.25;180.55;184.89;180.17;180.61;164.99;164.8;178.58;163.1;183.87;174.56;184.41;164.63;160.85;168.23;177.71;188.3;179.36;182.1;164.68;195.11;163.42;188.28;183.06;168.93;169.43;185.03;164.4;180.45;172.83;161.65;180.81;166.32;172.84;190.16;167.73
196.0;177.31;156.1;186.55;170.61;184.27;179.09;166.54;169.6;176.48;187.42;183.15;183.48;160.3;178.16;174.17;172.45;172.82;180.13;170.57;169.67;174.13;169.22;176.1;168.77;179.33;163.82;165.06;167.17;169.21;183.99;168.44;182.21;154.71;193.49;163.94;180.87;184.45;173.96;168.53;193.04;156.01;179.87;173.98;161.49;191.44;160.78;183.58;180.6;170.32
168.42;145.5;139.61;159.89;150.55;160.15;146.22;140.25;147.03;138.51;158.93;143.63;150.12;134.35;148.37;145.92;160.34;149.35;150.49;141.16;143.68;145.95;134.42;146.13;140.1;152.21;138.76;128.83;140.57;134.13;155.53;140.18;149.44;124.41;151.05;143.7;152.39;142.6;146.99;139.96;157.56;135.08;164.81;144.31;131.33;159.41;141.15;149.82;152.48;143.84
188.49;168.78;151.28;170.5;160.63;189.65;170.86;162.57;159.66;166.01;180.18;176.64;176.29;151.45;170.1;166.5;172.57;163.74;168.25;170.97;164.53;161.09;158.11;170.62;163.23;173.72;155.98;159.39;165.45;165.79;173.81;163.34;171.03;145.06;176.76;155.84;171.08;167.48;162.53;157.2;188.71;151.79;172.88;162.61;157.53;178.04;150.67;181.0;175.53;162.95
191.15;172.13;157.27;182.66;161.13;178.36;176.18;170.71;177.8;174.92;182.14;174.04;178.78;155.5;183.23;175.84;183.06;171.86;176.11;163.59;160.43;168.54;159.1;175.76;172.86;180.38;157.94;152.45;166.56;172.97;184.55;173.63;177.7;157.88;188.47;163.4;182.74;178.24;167.56;166.67;185.04;161.88;177.75;167.96;159.34;179.08;165.37;169.74;185.57;163.8
198.84;183.78;166.35;193.87;174.26;188.78;178.98;164.7;171.04;178.12;189.98;187.12;187.45;167.54;181.85;174.37;178.79;177.67;176.45;178.88;169.56;183.12;174.74;180.0;170.58;187.17;164.36;168.72;176.85;180.36;184.84;168.18;184.93;160.65;191.8;174.44;181.88;185.58;181.42;175.36;186.16;162.29;192.58;169.68;167.64;192.18;167.89;184.13;181.99;168.44
186.65;172.51;158.05;177.59;158.6;178.12;174.18;169.77;176.09;172.32;175.75;172.93;177.22;155.78;181.67;175.6;181.51;172.33;174.74;164.1;158.25;169.16;157.7;175.17;171.41;180.57;155.46;149.22;168.54;174.74;182.64;172.86;172.63;155.91;186.03;164.64;179.81;174.58;168.67;164.31;182.53;161.26;173.44;167.38;156.58;178.11;162.88;169.12;181.57;164.25
215.02;197.23;189.84;195.12;191.51;210.46;201.84;191.71;189.75;193.07;212.77;209.01;204.81;186.11;202.65;190.09;201.82;200.04;199.75;211.09;187.94;197.85;190.23;196.26;186.96;203.18;197.33;190.2;191.84;192.25;195.27;190.03;200.05;180.78;214.24;184.11;201.69;193.31;194.71;190.06;208.33;194.33;206.27;190.89;193.54;212.3;184.17;199.81;190.86;192.16
198.33;180.8;172.99;181.99;171.04;196.81;191.4;174.47;178.19;172.41;190.01;189.89;194.07;166.65;193.08;180.67;184.03;181.25;188.92;198.75;172.72;184.39;170.04;174.94;171.39;185.14;185.95;176.59;177.29;180.11;182.26;167.42;183.34;160.37;204.9;165.26;183.43;170.37;175.01;178.05;195.01;175.9;190.67;176.19;179.98;198.6;163.85;187.17;172.73;181.26
195.88;182.52;173.69;182.78;178.3;192.2;186.14;173.63;177.66;172.67;193.57;193.26;192.34;164.48;188.59;184.03;180.52;187.49;189.67;189.45;163.93;185.4;171.31;180.2;169.6;186.54;178.93;167.83;177.53;187.37;189.66;181.89;186.14;165.85;197.2;175.94;183.62;172.85;168.52;181.47;193.9;180.61;196.63;180.61;180.41;192.82;165.41;194.96;175.75;175.65
178.0;157.29;148.42;170.83;160.23;174.68;188.2;151.56;172.51;158.87;175.56;166.92;180.19;161.18;169.81;171.27;154.75;160.2;164.27;174.24;159.38;163.32;150.78;173.12;162.27;168.99;170.02;162.04;167.75;163.72;172.2;154.01;172.99;146.85;187.61;147.55;171.69;155.38;145.99;176.83;183.18;155.03;177.87;162.28;172.2;178.4;145.3;165.48;163.62;168.48
195.72;175.47;169.75;188.66;169.47;197.64;201.08;175.02;171.72;172.5;189.64;196.09;186.75;173.87;186.09;185.38;172.69;171.3;178.08;194.81;184.3;182.65;162.92;179.07;172.58;182.3;175.67;173.51;178.85;180.18;183.93;172.39;185.6;156.95;197.82;172.41;182.45;173.38;158.34;193.86;202.48;176.04;192.16;181.33;187.92;190.02;170.28;196.5;177.97;183.22
195.72;175.47;169.75;188.66;169.47;197.64;201.08;175.02;171.72;172.5;189.64;196.09;186.75;173.87;186.09;185.38;172.69;171.3;178.08;194.81;184.3;182.65;162.92;179.07;172.58;182.3;175.67;173.51;178.85;180.18;183.93;172.39;185.6;156.95;197.82;172.41;182.45;173.38;158.34;193.86;202.48;176.04;192.16;181.33;187.92;190.02;170.28;196.5;177.97;183.22
210.94;195.23;184.91;193.37;188.07;209.95;201.41;195.44;190.19;196.89;207.1;203.66;206.46;185.06;203.9;188.66;199.69;201.12;202.72;212.16;193.29;198.92;191.09;187.73;184.79;204.46;198.45;190.96;191.36;192.81;191.27;182.33;198.89;176.2;213.89;183.43;198.75;189.8;198.02;185.56;207.17;193.5;199.36;188.54;193.27;208.13;188.51;195.45;186.08;190.16
191.78;176.4;172.1;174.18;176.63;189.06;186.87;176.88;177.96;173.29;186.13;188.82;188.9;159.78;190.62;178.76;181.05;178.43;186.39;186.49;156.73;180.58;166.28;180.98;168.91;181.42;176.3;169.04;169.35;181.89;190.07;181.13;184.59;162.81;193.81;170.14;180.95;172.38;163.33;173.43;189.0;177.02;190.75;179.44;181.98;187.36;165.51;187.31;179.2;174.19
188.83;175.41;171.66;172.12;174.26;187.18;185.61;175.17;176.44;171.37;183.31;187.82;188.05;159.09;188.68;178.66;179.75;177.0;184.92;182.37;158.53;179.79;166.29;178.99;167.79;179.11;171.92;168.45;170.03;179.88;188.4;179.74;182.5;163.0;189.69;171.83;178.69;170.99;162.89;171.23;189.69;172.96;190.68;177.41;178.89;181.2;165.16;186.68;178.61;175.58
194.93;176.03;169.56;177.2;168.31;188.83;186.17;166.47;172.18;167.6;187.7;187.36;190.37;162.07;185.16;174.05;176.74;178.6;183.57;186.25;164.11;179.3;164.1;177.33;166.9;184.82;180.52;161.98;168.18;179.58;182.7;172.35;181.41;158.66;194.62;165.36;178.62;166.6;165.16;171.04;188.03;171.9;186.62;177.7;173.55;190.3;160.04;187.87;170.36;165.99
194.36;175.72;172.95;177.63;169.27;188.44;184.34;170.26;175.1;167.26;189.58;186.36;191.15;158.89;184.38;178.95;178.17;175.67;187.8;185.2;163.7;177.15;162.71;178.7;165.55;183.06;181.18;165.48;170.53;175.53;181.45;174.82;182.16;156.02;192.64;165.99;179.02;166.98;165.76;173.81;188.07;173.98;187.15;177.63;171.35;190.32;157.15;187.29;170.37;165.11
206.64;191.11;187.06;190.47;186.8;212.31;196.0;193.76;187.2;199.15;193.9;202.17;205.8;181.32;202.84;188.76;192.38;197.6;192.73;195.61;191.29;207.29;196.66;193.33;179.94;194.8;181.36;188.97;182.13;202.32;200.35;181.45;194.41;184.55;200.68;189.44;192.63;187.62;193.64;178.81;192.8;186.46;192.12;201.09;194.07;198.85;187.55;205.31;193.34;194.44
211.51;195.68;194.45;192.35;188.63;211.43;202.73;191.82;184.18;187.1;198.49;211.38;209.25;178.92;206.67;189.15;194.31;208.3;201.41;211.3;185.24;198.2;192.75;194.12;184.16;197.13;190.97;190.89;186.16;211.25;197.83;191.62;197.41;174.74;208.56;187.96;194.59;181.27;190.78;176.78;208.39;188.13;200.0;206.09;197.02;206.11;184.16;213.55;200.42;201.0
210.96;195.26;194.28;193.48;185.01;208.91;201.66;192.63;183.29;183.24;200.62;210.57;208.5;178.41;206.38;193.08;196.75;209.77;200.96;214.1;184.55;198.37;191.95;192.07;181.83;199.81;189.22;190.83;188.14;212.66;195.67;190.7;194.55;173.58;206.68;185.4;196.45;183.03;188.38;176.82;208.29;186.94;202.52;205.98;194.84;206.02;184.1;214.43;201.04;199.52
177.42;143.24;138.29;161.38;143.97;175.32;162.81;146.07;153.11;153.94;159.99;160.32;162.82;139.81;156.8;154.88;137.9;157.2;147.57;153.1;149.01;160.22;144.87;158.94;133.77;163.04;149.33;150.11;141.27;156.1;158.47;138.6;162.77;138.9;168.34;136.09;162.63;147.18;135.61;151.46;168.6;144.87;166.07;156.14;159.6;165.59;137.52;163.55;151.5;158.59
213.9;196.29;193.39;193.88;185.21;206.73;203.62;189.41;184.97;185.54;198.18;206.89;211.19;178.77;207.61;190.19;191.85;209.43;197.16;212.36;181.93;199.67;191.49;193.38;183.2;200.07;189.42;190.33;187.51;213.31;198.08;189.67;193.83;176.14;206.62;187.66;194.18;181.8;188.01;176.99;206.11;188.39;197.68;207.13;194.77;209.36;182.57;213.82;196.72;199.8
215.02;191.64;191.88;194.59;183.19;205.02;196.28;191.94;178.52;182.26;197.33;207.35;206.08;172.49;201.0;188.78;192.42;205.94;197.09;212.66;180.71;197.5;190.72;190.69;178.48;198.92;185.66;183.73;188.26;208.19;194.98;188.51;194.23;173.05;206.08;182.97;195.47;179.26;186.4;172.61;206.45;184.79;205.28;204.13;194.13;204.18;184.89;210.42;198.06;196.55
145.2;149.65;143.33;147.29;140.76;157.8;144.47;155.95;134.89;154.27;142.11;154.28;142.93;137.17;154.56;136.07;144.08;151.14;147.76;146.94;136.36;159.23;150.29;144.45;135.66;136.88;134.93;139.14;135.58;153.53;154.78;143.76;140.05;138.63;139.25;151.77;147.22;139.16;148.59;134.29;138.88;137.46;142.09;153.95;145.88;143.34;154.93;153.25;144.85;150.65
211.77;195.67;194.65;190.71;188.76;211.35;201.45;192.3;183.62;186.25;197.95;210.16;206.52;177.72;206.29;190.43;196.11;209.19;200.25;209.24;183.0;199.61;191.28;192.72;182.35;195.94;188.43;192.54;182.48;207.59;200.79;190.3;196.86;174.44;204.8;187.34;192.0;181.9;192.96;175.13;205.88;188.03;197.27;205.52;195.53;206.02;182.63;213.45;199.4;199.45
213.29;194.16;190.88;190.9;187.25;206.99;199.01;189.56;182.48;187.15;195.11;207.02;206.46;175.75;205.95;188.52;193.25;206.91;197.85;206.04;182.26;199.19;188.31;190.63;181.24;195.72;187.68;189.54;180.01;205.9;199.64;185.44;194.5;173.78;204.82;188.37;191.17;181.63;187.31;172.76;203.25;185.37;194.23;207.27;194.92;204.5;180.79;211.14;198.93;197.59
211.21;196.07;195.54;193.02;190.71;209.54;200.61;195.18;184.59;188.03;194.98;206.51;209.57;177.82;206.82;187.55;193.07;205.57;197.37;204.83;187.14;199.94;193.69;192.84;183.09;195.85;190.07;190.97;182.01;206.61;200.12;188.09;195.73;179.39;202.35;189.99;190.11;180.71;195.07;173.94;201.92;187.94;195.73;206.23;194.08;204.35;183.04;209.73;198.86;200.42
212.4;194.37;193.68;192.7;182.37;206.74;200.41;190.67;182.58;184.12;196.53;207.52;207.53;179.98;203.2;191.29;192.46;208.17;198.8;212.42;182.43;202.42;188.55;190.82;182.41;199.03;185.42;189.91;186.84;213.44;199.91;189.23;192.45;177.94;206.2;184.94;192.28;183.03;188.41;174.02;203.86;180.6;200.8;208.38;195.18;209.64;185.16;214.95;199.64;197.85
190.8;189.09;191.43;203.88;181.25;187.65;186.16;195.47;189.0;220.86;195.05;202.63;180.08;196.68;203.26;188.98;185.19;208.18;199.58;182.29;191.53;201.04;199.45;186.47;183.7;191.5;186.26;182.34;196.98;196.06;197.4;187.92;196.08;198.09;201.6;192.53;193.68;202.23;202.62;176.58;187.41;201.15;190.82;203.04;204.17;176.05;197.79;188.86;185.4;188.3
184.24;184.11;183.13;193.03;174.27;181.06;181.55;184.89;177.08;212.77;186.18;191.57;167.68;190.9;196.44;183.08;177.76;200.42;194.12;173.7;181.21;196.01;192.45;177.34;172.77;187.35;179.09;179.2;187.81;183.05;192.79;180.58;190.64;193.43;193.92;188.46;184.99;193.11;200.55;168.74;180.61;194.67;180.57;198.92;196.55;170.85;195.79;179.92;177.51;178.5
192.06;190.42;191.85;203.06;179.65;188.25;187.14;189.35;185.47;216.43;193.45;198.84;181.25;198.36;200.6;187.69;183.87;204.3;200.05;182.57;191.66;197.82;199.45;182.62;181.33;195.04;183.62;183.77;192.62;191.95;196.85;185.09;194.42;203.95;201.31;193.94;189.63;200.77;202.89;169.32;188.21;198.61;187.77;200.15;200.97;174.67;199.72;184.77;187.0;185.45
149.75;131.23;140.22;154.89;124.56;141.99;145.62;142.47;133.62;150.27;140.37;151.67;135.63;141.61;145.7;143.06;128.54;144.83;146.82;139.76;135.52;144.71;132.78;141.01;125.41;149.07;138.31;135.83;141.94;134.99;141.91;122.17;145.6;126.73;156.41;124.95;140.83;146.75;128.1;133.2;153.48;144.55;145.72;147.76;145.44;140.91;127.58;145.85;143.06;132.18
188.38;189.61;189.49;192.89;181.18;192.83;184.86;187.04;175.9;207.27;183.87;194.64;173.3;199.02;197.12;185.93;182.89;200.8;191.98;174.19;182.34;196.82;191.83;171.92;175.5;192.73;180.22;178.44;190.89;191.54;197.59;178.8;187.82;192.19;192.56;187.36;182.35;200.61;198.52;168.79;186.17;192.04;176.28;199.95;191.17;172.42;199.83;181.13;176.85;183.18
188.38;189.61;189.49;192.89;181.18;192.83;184.86;187.04;175.9;207.27;183.87;194.64;173.3;199.02;197.12;185.93;182.89;200.8;191.98;174.19;182.34;196.82;191.83;171.92;175.5;192.73;180.22;178.44;190.89;191.54;197.59;178.8;187.82;192.19;192.56;187.36;182.35;200.61;198.52;168.79;186.17;192.04;176.28;199.95;191.17;172.42;199.83;181.13;176.85;183.18
145.32;158.07;153.85;165.77;148.63;148.31;143.5;157.52;149.36;178.1;156.14;156.87;133.6;161.63;158.62;143.34;154.39;166.76;157.6;142.25;153.1;169.42;166.34;148.15;151.89;142.63;143.06;147.87;154.63;155.64;158.48;161.44;153.52;163.48;144.16;166.0;158.96;164.84;172.27;144.55;140.23;163.28;140.66;159.67;157.82;137.91;175.52;151.8;153.89;158.04
186.46;189.33;186.16;198.71;172.75;186.37;179.82;186.28;181.28;214.98;190.46;197.29;177.98;201.39;201.23;182.49;180.33;201.1;195.31;177.38;182.93;196.39;195.99;177.48;177.09;196.25;184.39;179.07;185.81;186.41;196.0;183.55;192.67;194.79;198.83;190.06;184.11;197.7;197.44;169.11;180.26;193.91;184.96;200.17;197.8;172.5;195.28;179.58;185.06;183.9
189.84;192.87;190.89;194.28;180.09;194.16;189.31;185.76;173.83;203.88;187.07;194.97;177.73;200.44;198.43;185.43;186.09;201.44;189.96;177.56;180.27;196.66;190.72;171.35;174.61;197.92;181.83;178.53;191.99;192.7;197.64;178.25;195.13;191.5;192.04;187.17;180.52;200.22;198.91;167.85;187.32;194.49;177.64;199.72;194.61;177.89;199.42;182.32;179.39;183.35
191.39;192.72;189.3;199.51;176.47;192.37;188.59;185.23;181.78;216.07;189.01;199.68;175.61;202.81;201.29;187.52;182.55;208.78;195.85;181.41;185.96;198.08;198.08;181.01;177.7;197.15;188.51;183.37;188.48;191.44;196.75;179.35;195.34;202.74;200.52;194.65;185.22;201.78;198.75;170.32;182.01;200.25;185.82;198.56;199.7;174.43;198.02;180.93;188.51;188.12
186.53;188.17;187.62;199.52;178.8;190.67;186.61;186.19;175.25;211.89;185.82;192.79;174.26;199.9;198.0;185.06;182.25;206.86;196.95;178.23;184.76;196.38;196.17;175.98;176.33;196.17;183.48;181.76;189.29;188.6;192.71;180.8;194.15;201.18;194.21;188.6;188.87;198.43;199.79;168.16;185.36;195.86;182.78;198.64;196.36;174.33;196.32;178.81;186.67;180.77
191.35;186.32;184.93;184.31;182.43;188.01;181.99;184.59;172.42;183.51;190.79;194.95;185.8;173.65;198.34;177.46;187.74;184.32;186.39;189.0;178.27;181.69;179.61;184.25;173.58;193.19;173.14;174.41;176.2;189.38;193.31;173.29;182.16;175.01;194.89;179.73;175.1;179.22;186.59;163.22;189.78;179.31;187.79;195.17;181.48;180.72;181.09;183.99;186.82;173.35
188.22;183.66;192.0;178.69;192.01;191.05;189.12;192.39;178.36;182.58;196.87;187.66;182.22;165.19;193.55;183.19;196.69;186.55;197.53;190.87;178.86;179.92;172.92;186.96;182.79;194.82;181.74;177.18;171.59;194.43;184.47;177.32;181.35;168.13;189.6;183.62;174.13;178.65;178.34;170.16;198.63;186.42;191.61;192.94;191.55;184.33;181.31;191.25;178.71;172.52
200.15;192.8;197.04;192.28;189.13;198.46;194.68;195.78;182.18;189.4;200.71;200.63;196.32;181.58;207.66;186.17;205.7;195.2;201.36;198.53;183.15;184.53;189.94;197.35;181.97;202.06;188.71;190.85;180.89;197.23;196.36;184.64;195.04;177.15;204.22;188.79;200.01;187.42;194.91;174.34;197.0;188.47;197.73;204.04;193.77;195.64;192.28;199.01;189.18;183.29
146.32;116.86;120.89;128.69;118.48;136.37;136.84;114.99;122.87;124.97;126.73;130.19;138.21;120.57;130.13;126.87;110.67;122.52;122.6;127.72;120.58;120.44;115.89;131.16;116.26;141.04;124.65;115.41;122.86;121.5;137.5;112.59;122.06;110.39;146.5;106.59;124.47;121.49;108.75;125.43;142.62;126.35;133.9;129.18;125.84;131.05;96.32;125.81;131.8;116.04
193.69;187.27;194.68;183.26;196.21;188.22;187.82;199.82;176.37;185.32;197.32;192.8;184.72;169.92;198.56;185.31;197.96;187.51;193.57;193.43;183.89;184.89;175.46;189.29;187.46;203.35;181.43;182.43;177.0;197.23;193.96;179.42;186.79;175.71;189.19;183.79;174.38;183.77;183.97;172.87;202.64;190.29;194.49;194.0;193.91;183.41;184.9;186.53;182.89;176.55
202.94;206.65;201.15;198.23;198.73;202.3;192.71;204.26;180.12;191.69;202.43;210.4;201.78;190.3;210.11;191.82;197.66;201.28;202.35;203.12;186.14;191.87;192.99;188.83;183.01;205.88;192.08;188.99;190.89;207.29;206.99;186.56;196.98;184.28;204.89;190.65;188.03;198.32;204.86;178.17;202.8;191.19;195.9;209.62;192.18;193.5;196.28;197.95;197.66;188.4
136.05;145.44;139.32;145.79;138.24;133.92;130.46;149.44;123.35;143.37;139.86;137.47;122.82;129.54;145.27;129.55;152.2;143.81;142.51;137.08;127.13;143.6;145.78;127.85;130.85;132.21;126.19;128.74;126.58;138.46;140.67;139.03;132.6;130.09;126.63;150.85;138.13;133.95;148.38;125.78;129.27;140.98;126.8;148.79;137.69;127.57;156.92;138.56;141.81;134.96
200.97;195.31;195.35;194.14;189.35;199.58;197.77;197.82;183.09;188.03;201.56;201.04;195.35;181.67;210.92;187.63;206.06;198.5;201.13;199.7;183.38;188.17;189.85;198.54;181.4;203.46;189.59;189.86;182.22;196.05;197.8;185.47;197.23;178.65;204.19;185.79;196.37;188.49;195.08;176.29;199.12;186.67;198.16;205.67;193.72;196.06;192.76;202.35;189.16;182.13
194.32;187.91;195.52;180.03;199.19;188.18;188.33;200.62;176.87;186.15;197.14;193.58;184.9;170.63;199.23;188.64;197.9;188.96;194.84;193.99;185.93;186.29;174.73;189.92;187.26;204.0;183.37;179.69;178.21;195.86;195.09;179.27;188.42;175.59;187.94;185.89;174.52;187.69;187.89;175.53;203.41;190.95;195.42;194.52;193.79;181.81;185.38;186.09;180.4;176.59
189.99;185.77;194.27;174.97;192.08;185.62;183.34;195.6;175.83;183.06;189.81;189.07;183.9;165.84;194.36;184.18;192.98;183.37;191.47;188.23;182.58;184.45;170.47;188.3;186.84;197.34;178.16;177.4;171.08;191.14;193.19;177.31;181.43;172.22;186.53;184.27;173.1;179.91;177.39;166.57;197.9;187.57;193.65;190.92;189.42;182.2;181.14;183.22;179.54;177.12
203.95;192.67;194.57;198.19;182.14;196.66;201.25;194.53;181.21;187.57;198.3;196.49;200.05;174.87;205.97;186.99;202.29;205.01;201.08;202.19;184.73;189.53;191.31;195.78;181.6;201.35;187.86;184.43;183.15;198.1;198.29;187.32;194.03;175.46;203.25;186.28;193.14;186.0;192.99;181.51;202.44;187.75;195.02;205.66;197.51;196.11;182.71;199.83;190.24;181.57
